,Actual,Predicted,error,error_per
965,18687,18325,362,1.9371755766040561
789,18691,18806,115,0.615269380985501
914,17819,17981,162,0.9091419271564061
1131,18667,18515,152,0.8142711737290407
